{"X": 434961.31514285714, "Y": 556584.2755714286}